{"flutter":{"platforms":{"android":{"default":{"projectId":"quiz-flutter-new","appId":"1:322915959213:android:c68427bed7bf53f542e124","fileOutput":"android/app/google-services.json"}},"ios":{"default":{"projectId":"quiz-flutter-new","appId":"1:322915959213:ios:c19bac87f4cd365642e124","uploadDebugSymbols":true,"fileOutput":"ios/Runner/GoogleService-Info.plist"}},"dart":{"lib/firebase_options.dart":{"projectId":"quiz-flutter-new","configurations":{"android":"1:322915959213:android:c68427bed7bf53f542e124","ios":"1:322915959213:ios:c19bac87f4cd365642e124"}}}}}}